id;firstName;lastName;email;telephone
2fd91947-cb33-4a97-bf12-3e45c649c026;Theodore;Willms;Judd_Wyman54@gmail.com;760.858.4512
346cacf3-e1c7-4f3d-b613-ad541bc1191a;Jackeline;Schaden;Waino.Green25@yahoo.com;1-858-707-7242
1c109b2b-39ec-4b4a-8962-03e2c6adae02;Luciano;Torp;Lawrence_Thiel@yahoo.com;516.683.0122 x7708
28287829-3d3c-43b7-a0e3-5dd9871aef72;Grace;Wuckert;Lawrence7@gmail.com;1-549-402-4960
7e7dd3f8-724a-4d0a-bd84-73d4eb52034c;Bernhard;Bahringer;Otilia_Green4@hotmail.com;394-868-8069 x25289
97aa7eed-aa1d-4c86-aa77-ee14e2ce826b;Laurence;Bartoletti;Kiana.Hodkiewicz37@hotmail.com;1-993-678-4777
dc38ff14-6c0e-4cd0-a34b-c9b877ab23d8;Avery;Hilll;Noelia.Shields@yahoo.com;(460) 678-9541
1a2d7721-d09f-4c7c-a37f-469c3648db7f;Lora;McKenzie;Keyshawn.Ratke@yahoo.com;924.282.3389 x665
f4e8c992-14ec-4ede-9fc1-6884c92f4887;Olen;Will;Mayra_Berge@gmail.com;705-215-7290 x49848
07509884-f763-407f-a4e7-3aea677d98b9;Nico;Watsica;Kody_Dickinson76@yahoo.com;858.393.1352 x29966
